<?xml version="1.0" encoding="UTF-8"?>
<metadata xml:lang="en"><Esri><CreaDate>20230327</CreaDate><CreaTime>10565700</CreaTime><ArcGISFormat>1.0</ArcGISFormat><SyncOnce>TRUE</SyncOnce><DataProperties><lineage><Process ToolSource="c:\users\lsiewert\appdata\local\programs\arcgis\pro\Resources\ArcToolbox\toolboxes\Data Management Tools.tbx\DeleteField" Date="20230327" Time="104853">DeleteField ne_10m_admin_1_states_provinces_lakes.shp featurecla "Delete Fields"</Process><Process ToolSource="c:\users\lsiewert\appdata\local\programs\arcgis\pro\Resources\ArcToolbox\toolboxes\Data Management Tools.tbx\DeleteField" Date="20230327" Time="104900">DeleteField ne_10m_admin_1_states_provinces_lakes.shp scalerank "Delete Fields"</Process><Process ToolSource="c:\users\lsiewert\appdata\local\programs\arcgis\pro\Resources\ArcToolbox\toolboxes\Data Management Tools.tbx\DeleteField" Date="20230327" Time="104910">DeleteField ne_10m_admin_1_states_provinces_lakes.shp iso_3166_2 "Delete Fields"</Process><Process ToolSource="c:\users\lsiewert\appdata\local\programs\arcgis\pro\Resources\ArcToolbox\toolboxes\Data Management Tools.tbx\DeleteField" Date="20230327" Time="104916">DeleteField ne_10m_admin_1_states_provinces_lakes.shp wikipedia "Delete Fields"</Process><Process ToolSource="c:\users\lsiewert\appdata\local\programs\arcgis\pro\Resources\ArcToolbox\toolboxes\Data Management Tools.tbx\DeleteField" Date="20230327" Time="104922">DeleteField ne_10m_admin_1_states_provinces_lakes.shp iso_a2 "Delete Fields"</Process><Process ToolSource="c:\users\lsiewert\appdata\local\programs\arcgis\pro\Resources\ArcToolbox\toolboxes\Data Management Tools.tbx\DeleteField" Date="20230327" Time="104931">DeleteField ne_10m_admin_1_states_provinces_lakes.shp adm0_sr "Delete Fields"</Process><Process ToolSource="c:\users\lsiewert\appdata\local\programs\arcgis\pro\Resources\ArcToolbox\toolboxes\Data Management Tools.tbx\DeleteField" Date="20230327" Time="104941">DeleteField ne_10m_admin_1_states_provinces_lakes.shp name_alt "Delete Fields"</Process><Process ToolSource="c:\users\lsiewert\appdata\local\programs\arcgis\pro\Resources\ArcToolbox\toolboxes\Data Management Tools.tbx\DeleteField" Date="20230327" Time="104947">DeleteField ne_10m_admin_1_states_provinces_lakes.shp name_local "Delete Fields"</Process><Process ToolSource="c:\users\lsiewert\appdata\local\programs\arcgis\pro\Resources\ArcToolbox\toolboxes\Data Management Tools.tbx\DeleteField" Date="20230327" Time="104952">DeleteField ne_10m_admin_1_states_provinces_lakes.shp type "Delete Fields"</Process><Process ToolSource="c:\users\lsiewert\appdata\local\programs\arcgis\pro\Resources\ArcToolbox\toolboxes\Data Management Tools.tbx\DeleteField" Date="20230327" Time="105001">DeleteField ne_10m_admin_1_states_provinces_lakes.shp type_en "Delete Fields"</Process><Process ToolSource="c:\users\lsiewert\appdata\local\programs\arcgis\pro\Resources\ArcToolbox\toolboxes\Data Management Tools.tbx\DeleteField" Date="20230327" Time="105010">DeleteField ne_10m_admin_1_states_provinces_lakes.shp code_hasc "Delete Fields"</Process><Process ToolSource="c:\users\lsiewert\appdata\local\programs\arcgis\pro\Resources\ArcToolbox\toolboxes\Data Management Tools.tbx\DeleteField" Date="20230327" Time="105021">DeleteField ne_10m_admin_1_states_provinces_lakes.shp hasc_maybe "Delete Fields"</Process><Process ToolSource="c:\users\lsiewert\appdata\local\programs\arcgis\pro\Resources\ArcToolbox\toolboxes\Data Management Tools.tbx\DeleteField" Date="20230327" Time="105027">DeleteField ne_10m_admin_1_states_provinces_lakes.shp region "Delete Fields"</Process><Process ToolSource="c:\users\lsiewert\appdata\local\programs\arcgis\pro\Resources\ArcToolbox\toolboxes\Data Management Tools.tbx\DeleteField" Date="20230327" Time="105052">DeleteField ne_10m_admin_1_states_provinces_lakes.shp note;region_cod;provnum_ne;gadm_level;check_me;datarank;abbrev "Delete Fields"</Process><Process ToolSource="c:\users\lsiewert\appdata\local\programs\arcgis\pro\Resources\ArcToolbox\toolboxes\Data Management Tools.tbx\DeleteField" Date="20230327" Time="105114">DeleteField ne_10m_admin_1_states_provinces_lakes.shp area_sqkm;sameascity;labelrank "Delete Fields"</Process><Process ToolSource="c:\users\lsiewert\appdata\local\programs\arcgis\pro\Resources\ArcToolbox\toolboxes\Data Management Tools.tbx\DeleteField" Date="20230327" Time="105127">DeleteField ne_10m_admin_1_states_provinces_lakes.shp mapcolor9;mapcolor13 "Delete Fields"</Process><Process ToolSource="c:\users\lsiewert\appdata\local\programs\arcgis\pro\Resources\ArcToolbox\toolboxes\Data Management Tools.tbx\DeleteField" Date="20230327" Time="105140">DeleteField ne_10m_admin_1_states_provinces_lakes.shp code_local "Delete Fields"</Process><Process ToolSource="c:\users\lsiewert\appdata\local\programs\arcgis\pro\Resources\ArcToolbox\toolboxes\Data Management Tools.tbx\DeleteField" Date="20230327" Time="105153">DeleteField ne_10m_admin_1_states_provinces_lakes.shp fips_alt "Delete Fields"</Process><Process ToolSource="c:\users\lsiewert\appdata\local\programs\arcgis\pro\Resources\ArcToolbox\toolboxes\Data Management Tools.tbx\DeleteField" Date="20230327" Time="105211">DeleteField ne_10m_admin_1_states_provinces_lakes.shp woe_label;woe_name "Delete Fields"</Process><Process ToolSource="c:\users\lsiewert\appdata\local\programs\arcgis\pro\Resources\ArcToolbox\toolboxes\Data Management Tools.tbx\DeleteField" Date="20230327" Time="105233">DeleteField ne_10m_admin_1_states_provinces_lakes.shp sov_a3;adm0_a3;adm0_label;admin;geonunit;gu_a3;gn_id;gn_name;gns_id "Delete Fields"</Process><Process ToolSource="c:\users\lsiewert\appdata\local\programs\arcgis\pro\Resources\ArcToolbox\toolboxes\Data Management Tools.tbx\DeleteField" Date="20230327" Time="105248">DeleteField ne_10m_admin_1_states_provinces_lakes.shp gns_name;gn_level;gn_region;gn_a1_code;region_sub;sub_code;gns_level;gns_lang "Delete Fields"</Process><Process ToolSource="c:\users\lsiewert\appdata\local\programs\arcgis\pro\Resources\ArcToolbox\toolboxes\Data Management Tools.tbx\DeleteField" Date="20230327" Time="105305">DeleteField ne_10m_admin_1_states_provinces_lakes.shp gns_adm1;gns_region;min_label;max_label;min_zoom;wikidataid;name_ar;name_bn;name_de "Delete Fields"</Process><Process ToolSource="c:\users\lsiewert\appdata\local\programs\arcgis\pro\Resources\ArcToolbox\toolboxes\Data Management Tools.tbx\DeleteField" Date="20230327" Time="105323">DeleteField ne_10m_admin_1_states_provinces_lakes.shp name_es;name_fr;name_el;name_hi;name_hu;name_id;name_it;name_ja "Delete Fields"</Process><Process ToolSource="c:\users\lsiewert\appdata\local\programs\arcgis\pro\Resources\ArcToolbox\toolboxes\Data Management Tools.tbx\DeleteField" Date="20230327" Time="105340">DeleteField ne_10m_admin_1_states_provinces_lakes.shp name_en;name_ko;name_nl;name_pl;name_pt;name_ru "Delete Fields"</Process><Process ToolSource="c:\users\lsiewert\appdata\local\programs\arcgis\pro\Resources\ArcToolbox\toolboxes\Data Management Tools.tbx\DeleteField" Date="20230327" Time="105350">DeleteField ne_10m_admin_1_states_provinces_lakes.shp name_sv;name_tr;name_vi;name_zh;ne_id;name_he;name_uk "Delete Fields"</Process><Process ToolSource="c:\users\lsiewert\appdata\local\programs\arcgis\pro\Resources\ArcToolbox\toolboxes\Data Management Tools.tbx\DeleteField" Date="20230327" Time="105359">DeleteField ne_10m_admin_1_states_provinces_lakes.shp name_ur;name_fa;name_zht "Delete Fields"</Process><Process ToolSource="c:\users\lsiewert\appdata\local\programs\arcgis\pro\Resources\ArcToolbox\toolboxes\Data Management Tools.tbx\DeleteField" Date="20230327" Time="105412">DeleteField ne_10m_admin_1_states_provinces_lakes.shp FCLASS_AR;FCLASS_JP;FCLASS_KO;FCLASS_VN;FCLASS_TR;FCLASS_ID;FCLASS_PL;FCLASS_GR;FCLASS_IT;FCLASS_NL;FCLASS_SE;FCLASS_BD;FCLASS_UA;FCLASS_TLC "Delete Fields"</Process><Process ToolSource="c:\users\lsiewert\appdata\local\programs\arcgis\pro\Resources\ArcToolbox\toolboxes\Data Management Tools.tbx\DeleteField" Date="20230327" Time="105421">DeleteField ne_10m_admin_1_states_provinces_lakes.shp FCLASS_TW;FCLASS_IN;FCLASS_NP;FCLASS_PK;FCLASS_DE;FCLASS_GB;FCLASS_BR;FCLASS_IL;FCLASS_PS;FCLASS_SA;FCLASS_EG;FCLASS_MA;FCLASS_PT "Delete Fields"</Process><Process ToolSource="c:\users\lsiewert\appdata\local\programs\arcgis\pro\Resources\ArcToolbox\toolboxes\Data Management Tools.tbx\DeleteField" Date="20230327" Time="105431">DeleteField ne_10m_admin_1_states_provinces_lakes.shp FCLASS_ISO;FCLASS_US;FCLASS_FR;FCLASS_RU;FCLASS_ES;FCLASS_CN "Delete Fields"</Process><Process ToolSource="c:\users\lsiewert\appdata\local\programs\arcgis\pro\Resources\ArcToolbox\Toolboxes\Data Management Tools.tbx\Rename" Date="20230327" Time="105643">Rename "C:\Users\lsiewert\Box\GEOG 575\Unit-3\data\ne_10m_admin_1_states_provinces_lakes\ne_10m_admin_1_states_provinces_lakes.shp" "C:\Users\lsiewert\Box\GEOG 575\Unit-3\data\ne_10m_admin_1_states_provinces_lakes\US_States.shp" ShapeFile</Process><Process ToolSource="c:\users\lsiewert\appdata\local\programs\arcgis\pro\Resources\ArcToolbox\Toolboxes\Data Management Tools.tbx\Copy" Date="20230327" Time="105657">Copy "C:\Users\lsiewert\Box\GEOG 575\Unit-3\data\ne_10m_admin_1_states_provinces_lakes\US_States.shp" "C:\Users\lsiewert\Box\GEOG 575\Unit-3\data\US_States.shp" Shapefile #</Process></lineage><itemProps><itemLocation><linkage Sync="TRUE">file://\\LSIEWERT-WL\C$\Users\lsiewert\Box\GEOG 575\Unit-3\data\US_States</linkage><protocol Sync="TRUE">Local Area Network</protocol></itemLocation></itemProps><copyHistory><copy source="C:\Users\lsiewert\Box\GEOG 575\Unit-3\data\ne_10m_admin_1_states_provinces_lakes\US_States" dest="\\LSIEWERT-WL\C$\Users\lsiewert\Box\GEOG 575\Unit-3\data\US_States" date="20230327" time="10565700"></copy></copyHistory></DataProperties></Esri></metadata>
